HargaPurata,HargaRendah,HargaTinggi,NamaPusat,NamaVarieti,UnitBarang,dateTime
4.15,4.10,4.20,"Pusat : JOHOR BAHRU, JOHOR",AYAM HIDUP,KILOGRAM,2023-02-04 11:09:30.729780
6.40,6.40,6.40,"Pusat : JOHOR BAHRU, JOHOR",AYAM PROSES STANDARD,KILOGRAM,2023-02-04 11:09:30.736760
3.75,3.50,4.00,"Pusat : JOHOR BAHRU, JOHOR",BAWANG BESAR MERAH (INDIA),KILOGRAM,2023-02-04 11:09:30.745737
6.50,6.00,7.00,"Pusat : JOHOR BAHRU, JOHOR",BAWANG MERAH / KECIL (INDIA),KILOGRAM,2023-02-04 11:09:30.752717
10.50,10.00,11.00,"Pusat : JOHOR BAHRU, JOHOR",BAWANG MERAH / KECIL (THAI),KILOGRAM,2023-02-04 11:09:30.761694
3.75,3.50,4.00,"Pusat : JOHOR BAHRU, JOHOR",BAYAM,KILOGRAM,2023-02-04 11:09:30.769673
5.50,5.00,6.00,"Pusat : JOHOR BAHRU, JOHOR",BELIMBING (B10),KILOGRAM,2023-02-04 11:09:30.778648
3.00,3.00,3.00,"Pusat : JOHOR BAHRU, JOHOR",BETIK SEKAKI,KILOGRAM,2023-02-04 11:09:30.786627
.95,.90,1.00,"Pusat : JOHOR BAHRU, JOHOR",BUNGA KANTAN,TANGKAI,2023-02-04 11:09:30.795607
9.50,9.00,10.00,"Pusat : JOHOR BAHRU, JOHOR",CILI HIJAU,KILOGRAM,2023-02-04 11:09:30.803582
11.50,11.00,12.00,"Pusat : JOHOR BAHRU, JOHOR",CILI MERAH KULAI / KULAI HIBRID,KILOGRAM,2023-02-04 11:09:30.811566
12.25,12.00,12.50,"Pusat : JOHOR BAHRU, JOHOR",DAGING IMPORT PEJAL (INDIA) - SILVER SIDE,KILOGRAM,2023-02-04 11:09:30.816547
9.50,9.00,10.00,"Pusat : JOHOR BAHRU, JOHOR",DAUN BAWANG,KILOGRAM,2023-02-04 11:09:30.822533
6.50,6.00,7.00,"Pusat : JOHOR BAHRU, JOHOR",DAUN SUP (TANAH TINGGI),KILOGRAM,2023-02-04 11:09:30.827517
7.50,7.00,8.00,"Pusat : JOHOR BAHRU, JOHOR",KACANG BENDI,KILOGRAM,2023-02-04 11:09:30.833503
7.75,7.50,8.00,"Pusat : JOHOR BAHRU, JOHOR",KACANG BUNCIS,KILOGRAM,2023-02-04 11:09:30.839491
6.75,6.50,7.00,"Pusat : JOHOR BAHRU, JOHOR",KACANG PANJANG HIJAU,KILOGRAM,2023-02-04 11:09:30.856439
3.75,3.50,4.00,"Pusat : JOHOR BAHRU, JOHOR",KANGKUNG,KILOGRAM,2023-02-04 11:09:30.873393
1.80,1.60,2.00,"Pusat : JOHOR BAHRU, JOHOR",KELAPA DIKUPAS,BIJI,2023-02-04 11:09:30.900322
6.00,6.00,6.00,"Pusat : JOHOR BAHRU, JOHOR",KELAPA PARUT,KILOGRAM,2023-02-04 11:09:30.907302
3.75,3.50,4.00,"Pusat : JOHOR BAHRU, JOHOR",KETOLA / PETOLA SEGI,KILOGRAM,2023-02-04 11:09:30.916279
3.75,3.50,4.00,"Pusat : JOHOR BAHRU, JOHOR",KUBIS BULAT (CHINA),KILOGRAM,2023-02-04 11:09:30.921266
3.75,3.50,4.00,"Pusat : JOHOR BAHRU, JOHOR",KUBIS BULAT (CHINA),KILOGRAM,2023-02-04 11:09:30.924257
2.75,2.50,3.00,"Pusat : JOHOR BAHRU, JOHOR",KUBIS BULAT (INDONESIA),KILOGRAM,2023-02-04 11:09:30.927250
4.25,4.00,4.50,"Pusat : JOHOR BAHRU, JOHOR",KUBIS BULAT (TANAH TINGGI),KILOGRAM,2023-02-04 11:09:30.931239
3.75,3.50,4.00,"Pusat : JOHOR BAHRU, JOHOR",PISANG BERANGAN,KILOGRAM,2023-02-04 11:09:30.935241
3.75,3.50,4.00,"Pusat : JOHOR BAHRU, JOHOR",PISANG MAS,KILOGRAM,2023-02-04 11:09:30.939818
8.00,8.00,8.00,"Pusat : JOHOR BAHRU, JOHOR",SANTAN BIASA,KILOGRAM,2023-02-04 11:09:30.943806
4.75,4.50,5.00,"Pusat : JOHOR BAHRU, JOHOR",SAWI HIJAU,KILOGRAM,2023-02-04 11:09:30.947796
.45,.45,.45,"Pusat : JOHOR BAHRU, JOHOR",TELUR AYAM,BIJI,2023-02-04 11:09:30.951785
.44,.44,.44,"Pusat : JOHOR BAHRU, JOHOR",TELUR AYAM,BIJI,2023-02-04 11:09:30.956772
.43,.43,.43,"Pusat : JOHOR BAHRU, JOHOR",TELUR AYAM,BIJI,2023-02-04 11:09:30.986692
2.75,2.50,3.00,"Pusat : JOHOR BAHRU, JOHOR",TEMBIKAI MERAH,KILOGRAM,2023-02-04 11:09:30.991678
5.50,5.00,6.00,"Pusat : JOHOR BAHRU, JOHOR",TERUNG PANJANG / PEPARU (TANAH RENDAH),KILOGRAM,2023-02-04 11:09:31.001652
3.25,3.00,3.50,"Pusat : JOHOR BAHRU, JOHOR",TIMUN HIJAU,KILOGRAM,2023-02-04 11:09:31.004644
4.75,4.50,5.00,"Pusat : JOHOR BAHRU, JOHOR",TOMATO (TANAH TINGGI),KILOGRAM,2023-02-04 11:09:31.006638
3.00,3.00,3.00,"Pusat : JOHOR BAHRU, JOHOR",UBI KENTANG HOLLAND,KILOGRAM,2023-02-04 11:09:31.009631
7.00,7.00,7.00,"Pusat : KOTA SETAR, KEDAH",AYAM PROSES STANDARD,KILOGRAM,2023-02-04 11:09:31.014617
8.00,8.00,8.00,"Pusat : KOTA SETAR, KEDAH",AYAM PROSES SUPER,KILOGRAM,2023-02-04 11:09:31.019604
3.00,2.50,3.50,"Pusat : KOTA SETAR, KEDAH",BAWANG BESAR KUNING / HOLLAND,KILOGRAM,2023-02-04 11:09:31.022596
2.75,2.50,3.00,"Pusat : KOTA SETAR, KEDAH",BAWANG BESAR MERAH (INDIA),KILOGRAM,2023-02-04 11:09:31.026822
5.25,5.00,5.50,"Pusat : KOTA SETAR, KEDAH",BAWANG MERAH / KECIL (INDIA),KILOGRAM,2023-02-04 11:09:31.030576
9.00,8.00,10.00,"Pusat : KOTA SETAR, KEDAH",BAWANG MERAH / KECIL (THAI),KILOGRAM,2023-02-04 11:09:31.033567
5.50,5.00,6.00,"Pusat : KOTA SETAR, KEDAH",BAWANG PUTIH (CHINA),KILOGRAM,2023-02-04 11:09:31.036558
4.50,4.00,5.00,"Pusat : KOTA SETAR, KEDAH",BAYAM,KILOGRAM,2023-02-04 11:09:31.038553
6.00,6.00,6.00,"Pusat : KOTA SETAR, KEDAH",BELIMBING (B10),KILOGRAM,2023-02-04 11:09:31.041547
1.25,1.00,1.50,"Pusat : KOTA SETAR, KEDAH",BUNGA KANTAN,TANGKAI,2023-02-04 11:09:31.044540
7.00,6.00,8.00,"Pusat : KOTA SETAR, KEDAH",CILI HIJAU,KILOGRAM,2023-02-04 11:09:31.047531
12.00,11.00,13.00,"Pusat : KOTA SETAR, KEDAH",CILI MERAH KULAI / KULAI HIBRID,KILOGRAM,2023-02-04 11:09:31.049526
7.50,7.00,8.00,"Pusat : KOTA SETAR, KEDAH",CILI MERAH MINYAK,KILOGRAM,2023-02-04 11:09:31.052517
15.50,15.00,16.00,"Pusat : KOTA SETAR, KEDAH",DAGING IMPORT PEJAL (INDIA) - SILVER SIDE,KILOGRAM,2023-02-04 11:09:31.054510
12.50,10.00,15.00,"Pusat : KOTA SETAR, KEDAH",DAUN BAWANG,KILOGRAM,2023-02-04 11:09:31.057504
8.50,7.00,10.00,"Pusat : KOTA SETAR, KEDAH",DAUN SUP (TANAH TINGGI),KILOGRAM,2023-02-04 11:09:31.060495
9.50,9.00,10.00,"Pusat : KOTA SETAR, KEDAH",KACANG BENDI,KILOGRAM,2023-02-04 11:09:31.063490
8.50,7.00,10.00,"Pusat : KOTA SETAR, KEDAH",KACANG BUNCIS,KILOGRAM,2023-02-04 11:09:31.066480
6.00,5.00,7.00,"Pusat : KOTA SETAR, KEDAH",KACANG PANJANG HIJAU,KILOGRAM,2023-02-04 11:09:31.068473
4.50,4.00,5.00,"Pusat : KOTA SETAR, KEDAH",KANGKUNG,KILOGRAM,2023-02-04 11:09:31.071465
2.00,2.00,2.00,"Pusat : KOTA SETAR, KEDAH",KELAPA DIKUPAS,BIJI,2023-02-04 11:09:31.073459
6.00,6.00,6.00,"Pusat : KOTA SETAR, KEDAH",KELAPA PARUT,KILOGRAM,2023-02-04 11:09:31.076452
4.50,4.00,5.00,"Pusat : KOTA SETAR, KEDAH",KETOLA / PETOLA SEGI,KILOGRAM,2023-02-04 11:09:31.080442
3.00,3.00,3.00,"Pusat : KOTA SETAR, KEDAH",KUBIS BULAT (INDONESIA),KILOGRAM,2023-02-04 11:09:31.082436
3.25,3.00,3.50,"Pusat : KOTA SETAR, KEDAH",KUBIS BULAT (TANAH TINGGI),KILOGRAM,2023-02-04 11:09:31.085428
4.25,4.00,4.50,"Pusat : KOTA SETAR, KEDAH",PISANG BERANGAN,KILOGRAM,2023-02-04 11:09:31.087445
4.25,4.00,4.50,"Pusat : KOTA SETAR, KEDAH",PISANG MAS,KILOGRAM,2023-02-04 11:09:31.090414
10.00,10.00,10.00,"Pusat : KOTA SETAR, KEDAH",SANTAN BIASA,KILOGRAM,2023-02-04 11:09:31.092410
5.25,5.00,5.50,"Pusat : KOTA SETAR, KEDAH",SAWI HIJAU,KILOGRAM,2023-02-04 11:09:31.095402
.42,.42,.42,"Pusat : KOTA SETAR, KEDAH",TELUR AYAM,BIJI,2023-02-04 11:09:31.098393
.43,.43,.43,"Pusat : KOTA SETAR, KEDAH",TELUR AYAM,BIJI,2023-02-04 11:09:31.101386
.44,.44,.44,"Pusat : KOTA SETAR, KEDAH",TELUR AYAM,BIJI,2023-02-04 11:09:31.104378
2.50,2.50,2.50,"Pusat : KOTA SETAR, KEDAH",TEMBIKAI MERAH,KILOGRAM,2023-02-04 11:09:31.106372
4.75,4.50,5.00,"Pusat : KOTA SETAR, KEDAH",TERUNG PANJANG / PEPARU (TANAH RENDAH),KILOGRAM,2023-02-04 11:09:31.108366
3.50,3.00,4.00,"Pusat : KOTA SETAR, KEDAH",TIMUN HIJAU,KILOGRAM,2023-02-04 11:09:31.111359
4.75,4.50,5.00,"Pusat : KOTA SETAR, KEDAH",TOMATO (TANAH TINGGI),KILOGRAM,2023-02-04 11:09:31.115349
3.00,3.00,3.00,"Pusat : KOTA SETAR, KEDAH",UBI KENTANG HOLLAND,KILOGRAM,2023-02-04 11:09:31.118340
8.00,8.00,8.00,"Pusat : KOTA BHARU, KELANTAN",AYAM PROSES STANDARD,KILOGRAM,2023-02-04 11:09:31.121332
3.50,3.00,4.00,"Pusat : KOTA BHARU, KELANTAN",BAWANG BESAR MERAH (INDIA),KILOGRAM,2023-02-04 11:09:31.123326
3.00,3.00,3.00,"Pusat : KOTA BHARU, KELANTAN",BAWANG MERAH / KECIL (INDIA),KILOGRAM,2023-02-04 11:09:31.125321
1.25,1.00,1.50,"Pusat : KOTA BHARU, KELANTAN",BUNGA KANTAN,TANGKAI,2023-02-04 11:09:31.129312
10.00,10.00,10.00,"Pusat : KOTA BHARU, KELANTAN",CILI MERAH MINYAK,KILOGRAM,2023-02-04 11:09:31.132303
15.00,15.00,15.00,"Pusat : KOTA BHARU, KELANTAN",DAGING IMPORT PEJAL (INDIA) - SILVER SIDE,KILOGRAM,2023-02-04 11:09:31.135295
14.50,14.00,15.00,"Pusat : KOTA BHARU, KELANTAN",DAUN BAWANG,KILOGRAM,2023-02-04 11:09:31.137330
13.50,12.00,15.00,"Pusat : KOTA BHARU, KELANTAN",DAUN SUP (TANAH TINGGI),KILOGRAM,2023-02-04 11:09:31.139449
5.50,5.00,6.00,"Pusat : KOTA BHARU, KELANTAN",KACANG BENDI,KILOGRAM,2023-02-04 11:09:31.142442
5.50,5.00,6.00,"Pusat : KOTA BHARU, KELANTAN",KACANG BUNCIS,KILOGRAM,2023-02-04 11:09:31.146436
7.00,6.00,8.00,"Pusat : KOTA BHARU, KELANTAN",KACANG PANJANG HIJAU,KILOGRAM,2023-02-04 11:09:31.149423
5.50,5.00,6.00,"Pusat : KOTA BHARU, KELANTAN",KANGKUNG,KILOGRAM,2023-02-04 11:09:31.152415
1.45,1.40,1.50,"Pusat : KOTA BHARU, KELANTAN",KELAPA DIKUPAS,BIJI,2023-02-04 11:09:31.155407
5.00,5.00,5.00,"Pusat : KOTA BHARU, KELANTAN",KELAPA PARUT,KILOGRAM,2023-02-04 11:09:31.158400
6.00,6.00,6.00,"Pusat : KOTA BHARU, KELANTAN",KETOLA / PETOLA SEGI,KILOGRAM,2023-02-04 11:09:31.161392
4.25,4.00,4.50,"Pusat : KOTA BHARU, KELANTAN",KUBIS BULAT (CHINA),KILOGRAM,2023-02-04 11:09:31.165380
4.00,4.00,4.00,"Pusat : KOTA BHARU, KELANTAN",KUBIS BULAT (TANAH TINGGI),KILOGRAM,2023-02-04 11:09:31.168372
4.00,4.00,4.00,"Pusat : KOTA BHARU, KELANTAN",PISANG BERANGAN,KILOGRAM,2023-02-04 11:09:31.170366
7.50,7.00,8.00,"Pusat : KOTA BHARU, KELANTAN",SANTAN BIASA,KILOGRAM,2023-02-04 11:09:31.173360
4.50,4.00,5.00,"Pusat : KOTA BHARU, KELANTAN",SAWI HIJAU,KILOGRAM,2023-02-04 11:09:31.176350
.45,.45,.45,"Pusat : KOTA BHARU, KELANTAN",TELUR AYAM,BIJI,2023-02-04 11:09:31.180371
5.50,5.00,6.00,"Pusat : KOTA BHARU, KELANTAN",TERUNG PANJANG / PEPARU (TANAH RENDAH),KILOGRAM,2023-02-04 11:09:31.183332
5.00,5.00,5.00,"Pusat : KOTA BHARU, KELANTAN",TIMUN HIJAU,KILOGRAM,2023-02-04 11:09:31.186324
5.50,5.00,6.00,"Pusat : KOTA BHARU, KELANTAN",TOMATO (TANAH TINGGI),KILOGRAM,2023-02-04 11:09:31.189316
2.50,2.50,2.50,"Pusat : KOTA BHARU, KELANTAN",UBI KENTANG HOLLAND,KILOGRAM,2023-02-04 11:09:31.191315
6.10,6.00,6.20,"Pusat : MELAKA TENGAH, MELAKA",AYAM PROSES STANDARD,KILOGRAM,2023-02-04 11:09:31.196681
2.75,2.50,3.00,"Pusat : MELAKA TENGAH, MELAKA",BAWANG BESAR KUNING / HOLLAND,KILOGRAM,2023-02-04 11:09:31.200287
2.75,2.50,3.00,"Pusat : MELAKA TENGAH, MELAKA",BAWANG BESAR MERAH (INDIA),KILOGRAM,2023-02-04 11:09:31.231204
4.75,4.50,5.00,"Pusat : MELAKA TENGAH, MELAKA",BAWANG MERAH / KECIL (INDIA),KILOGRAM,2023-02-04 11:09:31.242234
8.75,8.50,9.00,"Pusat : MELAKA TENGAH, MELAKA",BAWANG MERAH / KECIL (THAI),KILOGRAM,2023-02-04 11:09:31.245226
4.75,4.50,5.00,"Pusat : MELAKA TENGAH, MELAKA",BAWANG PUTIH (CHINA),KILOGRAM,2023-02-04 11:09:31.249272
4.00,3.50,4.50,"Pusat : MELAKA TENGAH, MELAKA",BAYAM,KILOGRAM,2023-02-04 11:09:31.252207
3.25,3.00,3.50,"Pusat : MELAKA TENGAH, MELAKA",BELIMBING (B10),KILOGRAM,2023-02-04 11:09:31.256196
9.25,8.50,10.00,"Pusat : MELAKA TENGAH, MELAKA",CILI HIJAU,KILOGRAM,2023-02-04 11:09:31.260186
11.00,10.00,12.00,"Pusat : MELAKA TENGAH, MELAKA",CILI MERAH KULAI / KULAI HIBRID,KILOGRAM,2023-02-04 11:09:31.264175
10.50,10.00,11.00,"Pusat : MELAKA TENGAH, MELAKA",CILI MERAH MINYAK,KILOGRAM,2023-02-04 11:09:31.281129
10.50,10.00,11.00,"Pusat : MELAKA TENGAH, MELAKA",CILI MERAH MINYAK,KILOGRAM,2023-02-04 11:09:31.301140
11.75,11.50,12.00,"Pusat : MELAKA TENGAH, MELAKA",DAGING IMPORT PEJAL (INDIA) - SILVER SIDE,KILOGRAM,2023-02-04 11:09:31.310052
7.50,7.00,8.00,"Pusat : MELAKA TENGAH, MELAKA",DAUN BAWANG,KILOGRAM,2023-02-04 11:09:31.318031
5.00,4.00,6.00,"Pusat : MELAKA TENGAH, MELAKA",DAUN SUP (TANAH TINGGI),KILOGRAM,2023-02-04 11:09:31.321023
5.00,4.50,5.50,"Pusat : MELAKA TENGAH, MELAKA",KACANG BENDI,KILOGRAM,2023-02-04 11:09:31.323017
7.50,7.00,8.00,"Pusat : MELAKA TENGAH, MELAKA",KACANG BUNCIS,KILOGRAM,2023-02-04 11:09:31.325012
5.25,4.50,6.00,"Pusat : MELAKA TENGAH, MELAKA",KACANG PANJANG HIJAU,KILOGRAM,2023-02-04 11:09:31.329998
4.00,3.50,4.50,"Pusat : MELAKA TENGAH, MELAKA",KANGKUNG,KILOGRAM,2023-02-04 11:09:31.334248
1.70,1.60,1.80,"Pusat : MELAKA TENGAH, MELAKA",KELAPA DIKUPAS,BIJI,2023-02-04 11:09:31.336979
6.00,6.00,6.00,"Pusat : MELAKA TENGAH, MELAKA",KELAPA PARUT,KILOGRAM,2023-02-04 11:09:31.339972
3.75,3.00,4.50,"Pusat : MELAKA TENGAH, MELAKA",KETOLA / PETOLA SEGI,KILOGRAM,2023-02-04 11:09:31.343974
3.30,3.30,3.30,"Pusat : MELAKA TENGAH, MELAKA",KUBIS BULAT (CHINA),KILOGRAM,2023-02-04 11:09:31.347953
2.50,2.00,3.00,"Pusat : MELAKA TENGAH, MELAKA",KUBIS BULAT (INDONESIA),KILOGRAM,2023-02-04 11:09:31.349945
2.50,2.00,3.00,"Pusat : MELAKA TENGAH, MELAKA",KUBIS BULAT (TANAH TINGGI),KILOGRAM,2023-02-04 11:09:31.352937
3.75,3.50,4.00,"Pusat : MELAKA TENGAH, MELAKA",PISANG BERANGAN,KILOGRAM,2023-02-04 11:09:31.355929
3.25,3.00,3.50,"Pusat : MELAKA TENGAH, MELAKA",PISANG MAS,KILOGRAM,2023-02-04 11:09:31.357925
7.75,7.50,8.00,"Pusat : MELAKA TENGAH, MELAKA",SANTAN BIASA,KILOGRAM,2023-02-04 11:09:31.360919
4.15,3.80,4.50,"Pusat : MELAKA TENGAH, MELAKA",SAWI HIJAU,KILOGRAM,2023-02-04 11:09:31.363908
.45,.44,.45,"Pusat : MELAKA TENGAH, MELAKA",TELUR AYAM,BIJI,2023-02-04 11:09:31.366901
.43,.42,.43,"Pusat : MELAKA TENGAH, MELAKA",TELUR AYAM,BIJI,2023-02-04 11:09:31.369894
.41,.40,.41,"Pusat : MELAKA TENGAH, MELAKA",TELUR AYAM,BIJI,2023-02-04 11:09:31.371887
2.75,2.50,3.00,"Pusat : MELAKA TENGAH, MELAKA",TEMBIKAI MERAH,KILOGRAM,2023-02-04 11:09:31.374879
5.50,5.00,6.00,"Pusat : MELAKA TENGAH, MELAKA",TERUNG PANJANG / PEPARU (TANAH RENDAH),KILOGRAM,2023-02-04 11:09:31.377872
3.75,3.00,4.50,"Pusat : MELAKA TENGAH, MELAKA",TIMUN HIJAU,KILOGRAM,2023-02-04 11:09:31.381859
4.00,3.50,4.50,"Pusat : MELAKA TENGAH, MELAKA",TOMATO (TANAH TINGGI),KILOGRAM,2023-02-04 11:09:31.383854
2.75,2.50,3.00,"Pusat : MELAKA TENGAH, MELAKA",UBI KENTANG HOLLAND,KILOGRAM,2023-02-04 11:09:31.386847
8.25,8.00,8.50,"Pusat : SEREMBAN, NEGERI SEMBILAN",AYAM PROSES STANDARD,KILOGRAM,2023-02-04 11:09:31.389838
3.00,3.00,3.00,"Pusat : SEREMBAN, NEGERI SEMBILAN",BAWANG BESAR KUNING / HOLLAND,KILOGRAM,2023-02-04 11:09:31.392831
3.50,3.50,3.50,"Pusat : SEREMBAN, NEGERI SEMBILAN",BAWANG BESAR MERAH (INDIA),KILOGRAM,2023-02-04 11:09:31.395823
5.50,5.50,5.50,"Pusat : SEREMBAN, NEGERI SEMBILAN",BAWANG MERAH / KECIL (INDIA),KILOGRAM,2023-02-04 11:09:31.398815
9.50,9.00,10.00,"Pusat : SEREMBAN, NEGERI SEMBILAN",BAWANG MERAH / KECIL (THAI),KILOGRAM,2023-02-04 11:09:31.401807
5.00,5.00,5.00,"Pusat : SEREMBAN, NEGERI SEMBILAN",BAWANG PUTIH (CHINA),KILOGRAM,2023-02-04 11:09:31.403801
4.25,4.00,4.50,"Pusat : SEREMBAN, NEGERI SEMBILAN",BAYAM,KILOGRAM,2023-02-04 11:09:31.406793
3.10,3.00,3.20,"Pusat : SEREMBAN, NEGERI SEMBILAN",BELIMBING (B10),KILOGRAM,2023-02-04 11:09:31.408788
7.75,7.50,8.00,"Pusat : SEREMBAN, NEGERI SEMBILAN",CILI HIJAU,KILOGRAM,2023-02-04 11:09:31.412778
11.50,11.00,12.00,"Pusat : SEREMBAN, NEGERI SEMBILAN",CILI MERAH KULAI / KULAI HIBRID,KILOGRAM,2023-02-04 11:09:31.415770
11.00,10.00,12.00,"Pusat : SEREMBAN, NEGERI SEMBILAN",CILI MERAH MINYAK,KILOGRAM,2023-02-04 11:09:31.417764
13.00,13.00,13.00,"Pusat : SEREMBAN, NEGERI SEMBILAN",DAGING IMPORT PEJAL (INDIA) - SILVER SIDE,KILOGRAM,2023-02-04 11:09:31.420756
11.00,10.00,12.00,"Pusat : SEREMBAN, NEGERI SEMBILAN",DAUN BAWANG,KILOGRAM,2023-02-04 11:09:31.422752
9.50,9.00,10.00,"Pusat : SEREMBAN, NEGERI SEMBILAN",DAUN SUP (TANAH TINGGI),KILOGRAM,2023-02-04 11:09:31.424745
5.75,5.50,6.00,"Pusat : SEREMBAN, NEGERI SEMBILAN",KACANG BENDI,KILOGRAM,2023-02-04 11:09:31.427739
11.00,10.00,12.00,"Pusat : SEREMBAN, NEGERI SEMBILAN",KACANG BUNCIS,KILOGRAM,2023-02-04 11:09:31.431727
6.75,6.50,7.00,"Pusat : SEREMBAN, NEGERI SEMBILAN",KACANG PANJANG HIJAU,KILOGRAM,2023-02-04 11:09:31.433721
4.75,4.50,5.00,"Pusat : SEREMBAN, NEGERI SEMBILAN",KANGKUNG,KILOGRAM,2023-02-04 11:09:31.436713
2.10,2.00,2.20,"Pusat : SEREMBAN, NEGERI SEMBILAN",KELAPA DIKUPAS,BIJI,2023-02-04 11:09:31.438709
6.75,6.50,7.00,"Pusat : SEREMBAN, NEGERI SEMBILAN",KELAPA PARUT,KILOGRAM,2023-02-04 11:09:31.441700
4.75,4.50,5.00,"Pusat : SEREMBAN, NEGERI SEMBILAN",KETOLA / PETOLA SEGI,KILOGRAM,2023-02-04 11:09:31.443699
2.30,1.80,2.80,"Pusat : SEREMBAN, NEGERI SEMBILAN",KUBIS BULAT (INDONESIA),KILOGRAM,2023-02-04 11:09:31.446689
2.90,2.80,3.00,"Pusat : SEREMBAN, NEGERI SEMBILAN",KUBIS BULAT (TANAH TINGGI),KILOGRAM,2023-02-04 11:09:31.449678
4.90,4.80,5.00,"Pusat : SEREMBAN, NEGERI SEMBILAN",PISANG BERANGAN,KILOGRAM,2023-02-04 11:09:31.452671
5.00,5.00,5.00,"Pusat : SEREMBAN, NEGERI SEMBILAN",PISANG MAS,KILOGRAM,2023-02-04 11:09:31.455663
7.25,7.00,7.50,"Pusat : SEREMBAN, NEGERI SEMBILAN",SANTAN BIASA,KILOGRAM,2023-02-04 11:09:31.457657
6.00,5.50,6.50,"Pusat : SEREMBAN, NEGERI SEMBILAN",SAWI HIJAU,KILOGRAM,2023-02-04 11:09:31.460650
.40,.40,.40,"Pusat : SEREMBAN, NEGERI SEMBILAN",TELUR AYAM,BIJI,2023-02-04 11:09:31.463641
.38,.38,.38,"Pusat : SEREMBAN, NEGERI SEMBILAN",TELUR AYAM,BIJI,2023-02-04 11:09:31.466634
.37,.37,.37,"Pusat : SEREMBAN, NEGERI SEMBILAN",TELUR AYAM,BIJI,2023-02-04 11:09:31.469626
3.10,3.00,3.20,"Pusat : SEREMBAN, NEGERI SEMBILAN",TEMBIKAI MERAH,KILOGRAM,2023-02-04 11:09:31.472617
6.50,6.00,7.00,"Pusat : SEREMBAN, NEGERI SEMBILAN",TERUNG PANJANG / PEPARU (TANAH RENDAH),KILOGRAM,2023-02-04 11:09:31.475612
2.60,2.20,3.00,"Pusat : SEREMBAN, NEGERI SEMBILAN",TIMUN HIJAU,KILOGRAM,2023-02-04 11:09:31.479600
4.25,4.00,4.50,"Pusat : SEREMBAN, NEGERI SEMBILAN",TOMATO (TANAH TINGGI),KILOGRAM,2023-02-04 11:09:31.482591
3.00,3.00,3.00,"Pusat : SEREMBAN, NEGERI SEMBILAN",UBI KENTANG HOLLAND,KILOGRAM,2023-02-04 11:09:31.485583
4.80,4.80,4.80,"Pusat : KUANTAN, PAHANG",AYAM HIDUP,KILOGRAM,2023-02-04 11:09:31.488576
7.00,7.00,7.00,"Pusat : KUANTAN, PAHANG",AYAM PROSES STANDARD,KILOGRAM,2023-02-04 11:09:31.491566
2.50,2.50,2.50,"Pusat : KUANTAN, PAHANG",BAWANG BESAR MERAH (INDIA),KILOGRAM,2023-02-04 11:09:31.494561
5.00,5.00,5.00,"Pusat : KUANTAN, PAHANG",BAWANG MERAH / KECIL (INDIA),KILOGRAM,2023-02-04 11:09:31.497552
4.00,4.00,4.00,"Pusat : KUANTAN, PAHANG",BAWANG MERAH / KECIL (THAI),KILOGRAM,2023-02-04 11:09:31.500543
7.50,7.00,8.00,"Pusat : KUANTAN, PAHANG",BAYAM,KILOGRAM,2023-02-04 11:09:31.507524
6.00,6.00,6.00,"Pusat : KUANTAN, PAHANG",BELIMBING (B10),KILOGRAM,2023-02-04 11:09:31.522484
2.50,2.50,2.50,"Pusat : KUANTAN, PAHANG",BETIK SEKAKI,KILOGRAM,2023-02-04 11:09:31.532457
3.00,3.00,3.00,"Pusat : KUANTAN, PAHANG",BUNGA KANTAN,TANGKAI,2023-02-04 11:09:31.573348
14.50,14.00,15.00,"Pusat : KUANTAN, PAHANG",CILI HIJAU,KILOGRAM,2023-02-04 11:09:31.592297
16.50,15.00,18.00,"Pusat : KUANTAN, PAHANG",CILI MERAH KULAI / KULAI HIBRID,KILOGRAM,2023-02-04 11:09:31.597285
15.50,15.00,16.00,"Pusat : KUANTAN, PAHANG",CILI MERAH MINYAK,KILOGRAM,2023-02-04 11:09:31.603268
15.00,15.00,15.00,"Pusat : KUANTAN, PAHANG",DAGING IMPORT PEJAL (INDIA) - SILVER SIDE,KILOGRAM,2023-02-04 11:09:31.611247
11.00,10.00,12.00,"Pusat : KUANTAN, PAHANG",DAUN BAWANG,KILOGRAM,2023-02-04 11:09:31.616233
11.00,10.00,12.00,"Pusat : KUANTAN, PAHANG",DAUN SUP (TANAH TINGGI),KILOGRAM,2023-02-04 11:09:31.620222
9.50,9.00,10.00,"Pusat : KUANTAN, PAHANG",KACANG BENDI,KILOGRAM,2023-02-04 11:09:31.623260
10.50,9.00,12.00,"Pusat : KUANTAN, PAHANG",KACANG BUNCIS,KILOGRAM,2023-02-04 11:09:31.626240
11.00,10.00,12.00,"Pusat : KUANTAN, PAHANG",KACANG PANJANG HIJAU,KILOGRAM,2023-02-04 11:09:31.630196
7.50,7.00,8.00,"Pusat : KUANTAN, PAHANG",KANGKUNG,KILOGRAM,2023-02-04 11:09:31.633188
3.00,3.00,3.00,"Pusat : KUANTAN, PAHANG",KELAPA DIKUPAS,BIJI,2023-02-04 11:09:31.636180
2.00,2.00,2.00,"Pusat : KUANTAN, PAHANG",KELAPA DIKUPAS,BIJI,2023-02-04 11:09:31.639173
5.00,5.00,5.00,"Pusat : KUANTAN, PAHANG",KELAPA PARUT,KILOGRAM,2023-02-04 11:09:31.641167
5.75,5.50,6.00,"Pusat : KUANTAN, PAHANG",KETOLA / PETOLA SEGI,KILOGRAM,2023-02-04 11:09:31.645157
5.75,5.50,6.00,"Pusat : KUANTAN, PAHANG",KETOLA / PETOLA SEGI,KILOGRAM,2023-02-04 11:09:31.648149
3.50,3.00,4.00,"Pusat : KUANTAN, PAHANG",KUBIS BULAT (CHINA),KILOGRAM,2023-02-04 11:09:31.651140
3.50,3.00,4.00,"Pusat : KUANTAN, PAHANG",KUBIS BULAT (INDONESIA),KILOGRAM,2023-02-04 11:09:31.654133
3.75,3.50,4.00,"Pusat : KUANTAN, PAHANG",KUBIS BULAT (TANAH TINGGI),KILOGRAM,2023-02-04 11:09:31.657123
4.00,4.00,4.00,"Pusat : KUANTAN, PAHANG",PISANG BERANGAN,KILOGRAM,2023-02-04 11:09:31.660116
4.00,4.00,4.00,"Pusat : KUANTAN, PAHANG",PISANG MAS,KILOGRAM,2023-02-04 11:09:31.664106
6.00,6.00,6.00,"Pusat : KUANTAN, PAHANG",SANTAN BIASA,KILOGRAM,2023-02-04 11:09:31.667097
7.00,7.00,7.00,"Pusat : KUANTAN, PAHANG",SAWI HIJAU,KILOGRAM,2023-02-04 11:09:31.669093
7.50,7.00,8.00,"Pusat : KUANTAN, PAHANG",SAWI HIJAU,KILOGRAM,2023-02-04 11:09:31.672171
.46,.46,.46,"Pusat : KUANTAN, PAHANG",TELUR AYAM,BIJI,2023-02-04 11:09:31.675077
.45,.45,.45,"Pusat : KUANTAN, PAHANG",TELUR AYAM,BIJI,2023-02-04 11:09:31.678069
.44,.44,.44,"Pusat : KUANTAN, PAHANG",TELUR AYAM,BIJI,2023-02-04 11:09:31.681060
2.00,2.00,2.00,"Pusat : KUANTAN, PAHANG",TEMBIKAI MERAH,KILOGRAM,2023-02-04 11:09:31.684052
8.50,8.00,9.00,"Pusat : KUANTAN, PAHANG",TERUNG PANJANG / PEPARU (TANAH RENDAH),KILOGRAM,2023-02-04 11:09:31.687044
4.25,4.00,4.50,"Pusat : KUANTAN, PAHANG",TIMUN HIJAU,KILOGRAM,2023-02-04 11:09:31.690036
5.25,5.00,5.50,"Pusat : KUANTAN, PAHANG",TOMATO (TANAH TINGGI),KILOGRAM,2023-02-04 11:09:31.693028
3.25,3.00,3.50,"Pusat : KUANTAN, PAHANG",UBI KENTANG HOLLAND,KILOGRAM,2023-02-04 11:09:31.697049
7.75,7.50,8.00,"Pusat : SEBERANG PERAI TENGAH, PULAU PINANG",AYAM PROSES STANDARD,KILOGRAM,2023-02-04 11:09:31.701006
2.50,2.50,2.50,"Pusat : SEBERANG PERAI TENGAH, PULAU PINANG",BAWANG BESAR MERAH (INDIA),KILOGRAM,2023-02-04 11:09:31.703999
5.00,5.00,5.00,"Pusat : SEBERANG PERAI TENGAH, PULAU PINANG",BAWANG MERAH / KECIL (INDIA),KILOGRAM,2023-02-04 11:09:31.706991
5.75,5.50,6.00,"Pusat : SEBERANG PERAI TENGAH, PULAU PINANG",BAWANG MERAH / KECIL (THAI),KILOGRAM,2023-02-04 11:09:31.709983
4.00,4.00,4.00,"Pusat : SEBERANG PERAI TENGAH, PULAU PINANG",BAYAM,KILOGRAM,2023-02-04 11:09:31.712977
1.40,1.30,1.50,"Pusat : SEBERANG PERAI TENGAH, PULAU PINANG",BUNGA KANTAN,TANGKAI,2023-02-04 11:09:31.715966
7.00,7.00,7.00,"Pusat : SEBERANG PERAI TENGAH, PULAU PINANG",CILI HIJAU,KILOGRAM,2023-02-04 11:09:31.718959
13.00,13.00,13.00,"Pusat : SEBERANG PERAI TENGAH, PULAU PINANG",CILI MERAH KULAI / KULAI HIBRID,KILOGRAM,2023-02-04 11:09:31.721952
15.00,15.00,15.00,"Pusat : SEBERANG PERAI TENGAH, PULAU PINANG",DAGING IMPORT PEJAL (INDIA) - SILVER SIDE,KILOGRAM,2023-02-04 11:09:31.723945
8.00,8.00,8.00,"Pusat : SEBERANG PERAI TENGAH, PULAU PINANG",DAUN BAWANG,KILOGRAM,2023-02-04 11:09:31.727935
5.00,5.00,5.00,"Pusat : SEBERANG PERAI TENGAH, PULAU PINANG",DAUN SUP (TANAH TINGGI),KILOGRAM,2023-02-04 11:09:31.730927
8.50,8.50,8.50,"Pusat : SEBERANG PERAI TENGAH, PULAU PINANG",KACANG BENDI,KILOGRAM,2023-02-04 11:09:31.733919
8.50,8.50,8.50,"Pusat : SEBERANG PERAI TENGAH, PULAU PINANG",KACANG BUNCIS,KILOGRAM,2023-02-04 11:09:31.736912
7.00,7.00,7.00,"Pusat : SEBERANG PERAI TENGAH, PULAU PINANG",KACANG PANJANG HIJAU,KILOGRAM,2023-02-04 11:09:31.739902
3.50,3.50,3.50,"Pusat : SEBERANG PERAI TENGAH, PULAU PINANG",KANGKUNG,KILOGRAM,2023-02-04 11:09:31.741897
1.60,1.60,1.60,"Pusat : SEBERANG PERAI TENGAH, PULAU PINANG",KELAPA DIKUPAS,BIJI,2023-02-04 11:09:31.745890
1.40,1.40,1.40,"Pusat : SEBERANG PERAI TENGAH, PULAU PINANG",KELAPA DIKUPAS,BIJI,2023-02-04 11:09:31.748924
6.00,6.00,6.00,"Pusat : SEBERANG PERAI TENGAH, PULAU PINANG",KELAPA PARUT,KILOGRAM,2023-02-04 11:09:31.751871
3.50,3.50,3.50,"Pusat : SEBERANG PERAI TENGAH, PULAU PINANG",KETOLA / PETOLA SEGI,KILOGRAM,2023-02-04 11:09:31.754863
2.50,2.50,2.50,"Pusat : SEBERANG PERAI TENGAH, PULAU PINANG",KUBIS BULAT (CHINA),KILOGRAM,2023-02-04 11:09:31.757855
2.30,2.30,2.30,"Pusat : SEBERANG PERAI TENGAH, PULAU PINANG",KUBIS BULAT (INDONESIA),KILOGRAM,2023-02-04 11:09:31.761844
3.00,3.00,3.00,"Pusat : SEBERANG PERAI TENGAH, PULAU PINANG",KUBIS BULAT (TANAH TINGGI),KILOGRAM,2023-02-04 11:09:31.764836
4.00,4.00,4.00,"Pusat : SEBERANG PERAI TENGAH, PULAU PINANG",PISANG BERANGAN,KILOGRAM,2023-02-04 11:09:31.767828
4.00,4.00,4.00,"Pusat : SEBERANG PERAI TENGAH, PULAU PINANG",PISANG MAS,KILOGRAM,2023-02-04 11:09:31.770821
9.00,9.00,9.00,"Pusat : SEBERANG PERAI TENGAH, PULAU PINANG",SANTAN BIASA,KILOGRAM,2023-02-04 11:09:31.774809
4.50,4.50,4.50,"Pusat : SEBERANG PERAI TENGAH, PULAU PINANG",SAWI HIJAU,KILOGRAM,2023-02-04 11:09:31.777804
.41,.41,.41,"Pusat : SEBERANG PERAI TENGAH, PULAU PINANG",TELUR AYAM,BIJI,2023-02-04 11:09:31.781791
.40,.40,.40,"Pusat : SEBERANG PERAI TENGAH, PULAU PINANG",TELUR AYAM,BIJI,2023-02-04 11:09:31.784783
.39,.39,.39,"Pusat : SEBERANG PERAI TENGAH, PULAU PINANG",TELUR AYAM,BIJI,2023-02-04 11:09:31.787775
2.35,2.20,2.50,"Pusat : SEBERANG PERAI TENGAH, PULAU PINANG",TEMBIKAI MERAH,KILOGRAM,2023-02-04 11:09:31.790766
7.00,7.00,7.00,"Pusat : SEBERANG PERAI TENGAH, PULAU PINANG",TERUNG PANJANG / PEPARU (TANAH RENDAH),KILOGRAM,2023-02-04 11:09:31.794757
3.50,3.50,3.50,"Pusat : SEBERANG PERAI TENGAH, PULAU PINANG",TIMUN HIJAU,KILOGRAM,2023-02-04 11:09:31.797748
5.00,5.00,5.00,"Pusat : SEBERANG PERAI TENGAH, PULAU PINANG",TOMATO (TANAH TINGGI),KILOGRAM,2023-02-04 11:09:31.800740
3.00,3.00,3.00,"Pusat : SEBERANG PERAI TENGAH, PULAU PINANG",UBI KENTANG HOLLAND,KILOGRAM,2023-02-04 11:09:31.803731
4.40,4.40,4.40,"Pusat : KINTA, PERAK",AYAM HIDUP,KILOGRAM,2023-02-04 11:09:31.807721
7.00,7.00,7.00,"Pusat : KINTA, PERAK",AYAM PROSES STANDARD,KILOGRAM,2023-02-04 11:09:31.811713
2.75,2.50,3.00,"Pusat : KINTA, PERAK",BAWANG BESAR MERAH (INDIA),KILOGRAM,2023-02-04 11:09:31.815700
5.50,5.00,6.00,"Pusat : KINTA, PERAK",BAWANG MERAH / KECIL (INDIA),KILOGRAM,2023-02-04 11:09:31.818692
9.25,8.50,10.00,"Pusat : KINTA, PERAK",BAWANG MERAH / KECIL (THAI),KILOGRAM,2023-02-04 11:09:31.820689
5.25,4.50,6.00,"Pusat : KINTA, PERAK",BAYAM,KILOGRAM,2023-02-04 11:09:31.823678
3.75,3.50,4.00,"Pusat : KINTA, PERAK",BELIMBING (B10),KILOGRAM,2023-02-04 11:09:31.827672
.90,.80,1.00,"Pusat : KINTA, PERAK",BUNGA KANTAN,TANGKAI,2023-02-04 11:09:31.831658
9.00,8.00,10.00,"Pusat : KINTA, PERAK",CILI HIJAU,KILOGRAM,2023-02-04 11:09:31.834689
12.00,12.00,12.00,"Pusat : KINTA, PERAK",CILI MERAH KULAI / KULAI HIBRID,KILOGRAM,2023-02-04 11:09:31.873545
17.50,15.00,20.00,"Pusat : KINTA, PERAK",CILI MERAH MINYAK,KILOGRAM,2023-02-04 11:09:31.897481
9.50,9.00,10.00,"Pusat : KINTA, PERAK",DAUN BAWANG,KILOGRAM,2023-02-04 11:09:31.908451
4.75,4.50,5.00,"Pusat : KINTA, PERAK",DAUN SUP (TANAH TINGGI),KILOGRAM,2023-02-04 11:09:31.922418
7.00,6.00,8.00,"Pusat : KINTA, PERAK",KACANG BENDI,KILOGRAM,2023-02-04 11:09:31.928399
8.50,7.00,10.00,"Pusat : KINTA, PERAK",KACANG BUNCIS,KILOGRAM,2023-02-04 11:09:31.932388
7.00,7.00,7.00,"Pusat : KINTA, PERAK",KACANG PANJANG HIJAU,KILOGRAM,2023-02-04 11:09:31.937384
3.00,2.50,3.50,"Pusat : KINTA, PERAK",KANGKUNG,KILOGRAM,2023-02-04 11:09:31.942361
6.00,6.00,6.00,"Pusat : KINTA, PERAK",KELAPA PARUT,KILOGRAM,2023-02-04 11:09:31.946870
4.25,3.50,5.00,"Pusat : KINTA, PERAK",KETOLA / PETOLA SEGI,KILOGRAM,2023-02-04 11:09:31.950045
3.25,2.50,4.00,"Pusat : KINTA, PERAK",KUBIS BULAT (TANAH TINGGI),KILOGRAM,2023-02-04 11:09:31.953850
4.25,4.00,4.50,"Pusat : KINTA, PERAK",PISANG BERANGAN,KILOGRAM,2023-02-04 11:09:31.956841
3.90,3.80,4.00,"Pusat : KINTA, PERAK",PISANG MAS,KILOGRAM,2023-02-04 11:09:31.960836
6.50,6.00,7.00,"Pusat : KINTA, PERAK",SANTAN BIASA,KILOGRAM,2023-02-04 11:09:31.964821
4.50,4.00,5.00,"Pusat : KINTA, PERAK",SAWI HIJAU,KILOGRAM,2023-02-04 11:09:31.968810
.40,.40,.40,"Pusat : KINTA, PERAK",TELUR AYAM,BIJI,2023-02-04 11:09:31.971802
.41,.41,.41,"Pusat : KINTA, PERAK",TELUR AYAM,BIJI,2023-02-04 11:09:31.974794
.42,.42,.42,"Pusat : KINTA, PERAK",TELUR AYAM,BIJI,2023-02-04 11:09:31.977787
1.90,1.80,2.00,"Pusat : KINTA, PERAK",TEMBIKAI MERAH,KILOGRAM,2023-02-04 11:09:31.980778
6.00,6.00,6.00,"Pusat : KINTA, PERAK",TERUNG PANJANG / PEPARU (TANAH RENDAH),KILOGRAM,2023-02-04 11:09:31.983771
3.50,3.00,4.00,"Pusat : KINTA, PERAK",TIMUN HIJAU,KILOGRAM,2023-02-04 11:09:31.986762
4.75,4.50,5.00,"Pusat : KINTA, PERAK",TOMATO (TANAH TINGGI),KILOGRAM,2023-02-04 11:09:31.989754
2.75,2.50,3.00,"Pusat : KINTA, PERAK",UBI KENTANG HOLLAND,KILOGRAM,2023-02-04 11:09:31.992746
7.00,7.00,7.00,"Pusat : PERLIS, PERLIS",AYAM PROSES STANDARD,KILOGRAM,2023-02-04 11:09:31.996736
3.00,3.00,3.00,"Pusat : PERLIS, PERLIS",BAWANG BESAR MERAH (INDIA),KILOGRAM,2023-02-04 11:09:31.999727
5.00,5.00,5.00,"Pusat : PERLIS, PERLIS",BAWANG MERAH / KECIL (INDIA),KILOGRAM,2023-02-04 11:09:32.002720
5.25,5.00,5.50,"Pusat : PERLIS, PERLIS",BAYAM,KILOGRAM,2023-02-04 11:09:32.005711
4.75,4.50,5.00,"Pusat : PERLIS, PERLIS",BELIMBING (B10),KILOGRAM,2023-02-04 11:09:32.007707
.70,.70,.70,"Pusat : PERLIS, PERLIS",BUNGA KANTAN,TANGKAI,2023-02-04 11:09:32.010703
.70,.70,.70,"Pusat : PERLIS, PERLIS",BUNGA KANTAN,TANGKAI,2023-02-04 11:09:32.014710
13.50,12.00,15.00,"Pusat : PERLIS, PERLIS",CILI MERAH KULAI / KULAI HIBRID,KILOGRAM,2023-02-04 11:09:32.017680
15.00,15.00,15.00,"Pusat : PERLIS, PERLIS",DAGING IMPORT PEJAL (INDIA) - SILVER SIDE,KILOGRAM,2023-02-04 11:09:32.019674
11.00,10.00,12.00,"Pusat : PERLIS, PERLIS",DAUN BAWANG,KILOGRAM,2023-02-04 11:09:32.022667
7.50,7.00,8.00,"Pusat : PERLIS, PERLIS",DAUN SUP (TANAH TINGGI),KILOGRAM,2023-02-04 11:09:32.025658
8.50,8.00,9.00,"Pusat : PERLIS, PERLIS",KACANG BENDI,KILOGRAM,2023-02-04 11:09:32.029648
9.50,9.00,10.00,"Pusat : PERLIS, PERLIS",KACANG BUNCIS,KILOGRAM,2023-02-04 11:09:32.032640
6.25,5.50,7.00,"Pusat : PERLIS, PERLIS",KACANG PANJANG HIJAU,KILOGRAM,2023-02-04 11:09:32.035631
4.25,4.00,4.50,"Pusat : PERLIS, PERLIS",KANGKUNG,KILOGRAM,2023-02-04 11:09:32.038624
1.85,1.70,2.00,"Pusat : PERLIS, PERLIS",KELAPA DIKUPAS,BIJI,2023-02-04 11:09:32.040618
6.00,6.00,6.00,"Pusat : PERLIS, PERLIS",KELAPA PARUT,KILOGRAM,2023-02-04 11:09:32.043611
4.25,4.00,4.50,"Pusat : PERLIS, PERLIS",KETOLA / PETOLA SEGI,KILOGRAM,2023-02-04 11:09:32.046603
4.50,4.00,5.00,"Pusat : PERLIS, PERLIS",KUBIS BULAT (CHINA),KILOGRAM,2023-02-04 11:09:32.049594
3.00,3.00,3.00,"Pusat : PERLIS, PERLIS",KUBIS BULAT (INDONESIA),KILOGRAM,2023-02-04 11:09:32.052586
4.25,3.50,5.00,"Pusat : PERLIS, PERLIS",KUBIS BULAT (TANAH TINGGI),KILOGRAM,2023-02-04 11:09:32.054585
4.00,4.00,4.00,"Pusat : PERLIS, PERLIS",PISANG BERANGAN,KILOGRAM,2023-02-04 11:09:32.057572
4.00,4.00,4.00,"Pusat : PERLIS, PERLIS",PISANG MAS,KILOGRAM,2023-02-04 11:09:32.059568
9.00,9.00,9.00,"Pusat : PERLIS, PERLIS",SANTAN BIASA,KILOGRAM,2023-02-04 11:09:32.063559
4.00,4.00,4.00,"Pusat : PERLIS, PERLIS",SAWI HIJAU,KILOGRAM,2023-02-04 11:09:32.065551
.42,.42,.42,"Pusat : PERLIS, PERLIS",TELUR AYAM,BIJI,2023-02-04 11:09:32.068570
.43,.43,.43,"Pusat : PERLIS, PERLIS",TELUR AYAM,BIJI,2023-02-04 11:09:32.070538
.45,.45,.45,"Pusat : PERLIS, PERLIS",TELUR AYAM,BIJI,2023-02-04 11:09:32.073531
2.50,2.50,2.50,"Pusat : PERLIS, PERLIS",TEMBIKAI MERAH,KILOGRAM,2023-02-04 11:09:32.075525
4.75,4.50,5.00,"Pusat : PERLIS, PERLIS",TERUNG PANJANG / PEPARU (TANAH RENDAH),KILOGRAM,2023-02-04 11:09:32.079516
6.00,6.00,6.00,"Pusat : PERLIS, PERLIS",TOMATO (TANAH TINGGI),KILOGRAM,2023-02-04 11:09:32.082506
3.00,3.00,3.00,"Pusat : PERLIS, PERLIS",UBI KENTANG HOLLAND,KILOGRAM,2023-02-04 11:09:32.085498
2.00,2.00,2.00,"Pusat : KLANG, SELANGOR",KELAPA DIKUPAS,BIJI,2023-02-04 11:09:32.087494
6.65,6.50,6.80,"Pusat : PETALING, SELANGOR",AYAM PROSES STANDARD,KILOGRAM,2023-02-04 11:09:32.091484
3.50,3.50,3.50,"Pusat : PETALING, SELANGOR",BAWANG BESAR KUNING / HOLLAND,KILOGRAM,2023-02-04 11:09:32.094477
3.00,3.00,3.00,"Pusat : PETALING, SELANGOR",BAWANG BESAR MERAH (INDIA),KILOGRAM,2023-02-04 11:09:32.097466
6.00,6.00,6.00,"Pusat : PETALING, SELANGOR",BAWANG MERAH / KECIL (INDIA),KILOGRAM,2023-02-04 11:09:32.100458
10.50,10.00,11.00,"Pusat : PETALING, SELANGOR",BAWANG MERAH / KECIL (THAI),KILOGRAM,2023-02-04 11:09:32.103450
7.00,7.00,7.00,"Pusat : PETALING, SELANGOR",BAYAM,KILOGRAM,2023-02-04 11:09:32.106442
5.00,5.00,5.00,"Pusat : PETALING, SELANGOR",BELIMBING (B10),KILOGRAM,2023-02-04 11:09:32.108436
3.00,3.00,3.00,"Pusat : PETALING, SELANGOR",BETIK SEKAKI,KILOGRAM,2023-02-04 11:09:32.112429
1.75,1.50,2.00,"Pusat : PETALING, SELANGOR",BUNGA KANTAN,TANGKAI,2023-02-04 11:09:32.115418
14.50,14.00,15.00,"Pusat : PETALING, SELANGOR",CILI MERAH KULAI / KULAI HIBRID,KILOGRAM,2023-02-04 11:09:32.117412
11.50,11.00,12.00,"Pusat : PETALING, SELANGOR",CILI MERAH MINYAK,KILOGRAM,2023-02-04 11:09:32.120418
15.25,15.00,15.50,"Pusat : PETALING, SELANGOR",DAGING IMPORT PEJAL (INDIA) - SILVER SIDE,KILOGRAM,2023-02-04 11:09:32.123398
20.00,20.00,20.00,"Pusat : PETALING, SELANGOR",DAUN BAWANG,KILOGRAM,2023-02-04 11:09:32.125483
16.00,16.00,16.00,"Pusat : PETALING, SELANGOR",DAUN SUP (TANAH TINGGI),KILOGRAM,2023-02-04 11:09:32.129389
10.00,10.00,10.00,"Pusat : PETALING, SELANGOR",KACANG BENDI,KILOGRAM,2023-02-04 11:09:32.132373
13.00,13.00,13.00,"Pusat : PETALING, SELANGOR",KACANG BUNCIS,KILOGRAM,2023-02-04 11:09:32.135367
9.50,9.00,10.00,"Pusat : PETALING, SELANGOR",KACANG PANJANG HIJAU,KILOGRAM,2023-02-04 11:09:32.138358
6.00,6.00,6.00,"Pusat : PETALING, SELANGOR",KANGKUNG,KILOGRAM,2023-02-04 11:09:32.140351
2.00,2.00,2.00,"Pusat : PETALING, SELANGOR",KELAPA DIKUPAS,BIJI,2023-02-04 11:09:32.150856
7.00,7.00,7.00,"Pusat : PETALING, SELANGOR",KELAPA PARUT,KILOGRAM,2023-02-04 11:09:32.162824
5.00,5.00,5.00,"Pusat : PETALING, SELANGOR",KETOLA / PETOLA SEGI,KILOGRAM,2023-02-04 11:09:32.182772
3.00,3.00,3.00,"Pusat : PETALING, SELANGOR",KUBIS BULAT (CHINA),KILOGRAM,2023-02-04 11:09:32.191746
3.50,3.50,3.50,"Pusat : PETALING, SELANGOR",KUBIS BULAT (TANAH TINGGI),KILOGRAM,2023-02-04 11:09:32.197734
4.40,4.30,4.50,"Pusat : PETALING, SELANGOR",PISANG BERANGAN,KILOGRAM,2023-02-04 11:09:32.200724
4.40,4.30,4.50,"Pusat : PETALING, SELANGOR",PISANG MAS,KILOGRAM,2023-02-04 11:09:32.204713
7.00,7.00,7.00,"Pusat : PETALING, SELANGOR",SANTAN BIASA,KILOGRAM,2023-02-04 11:09:32.207704
6.50,6.00,7.00,"Pusat : PETALING, SELANGOR",SAWI HIJAU,KILOGRAM,2023-02-04 11:09:32.212926
.45,.45,.45,"Pusat : PETALING, SELANGOR",TELUR AYAM,BIJI,2023-02-04 11:09:32.217679
.44,.44,.44,"Pusat : PETALING, SELANGOR",TELUR AYAM,BIJI,2023-02-04 11:09:32.221022
.43,.43,.43,"Pusat : PETALING, SELANGOR",TELUR AYAM,BIJI,2023-02-04 11:09:32.225656
2.70,2.60,2.80,"Pusat : PETALING, SELANGOR",TEMBIKAI MERAH,KILOGRAM,2023-02-04 11:09:32.232637
9.50,9.00,10.00,"Pusat : PETALING, SELANGOR",TERUNG PANJANG / PEPARU (TANAH RENDAH),KILOGRAM,2023-02-04 11:09:32.266139
5.25,5.00,5.50,"Pusat : PETALING, SELANGOR",TIMUN HIJAU,KILOGRAM,2023-02-04 11:09:32.271057
5.00,5.00,5.00,"Pusat : PETALING, SELANGOR",TOMATO (TANAH TINGGI),KILOGRAM,2023-02-04 11:09:32.285019
3.25,3.00,3.50,"Pusat : PETALING, SELANGOR",UBI KENTANG HOLLAND,KILOGRAM,2023-02-04 11:09:32.290005
6.25,6.00,6.50,"Pusat : KUALA TERENGGANU, TERENGGANU",AYAM PROSES STANDARD,KILOGRAM,2023-02-04 11:09:32.293995
2.75,2.50,3.00,"Pusat : KUALA TERENGGANU, TERENGGANU",BAWANG BESAR MERAH (INDIA),KILOGRAM,2023-02-04 11:09:32.297984
2.75,2.50,3.00,"Pusat : KUALA TERENGGANU, TERENGGANU",BAWANG MERAH / KECIL (INDIA),KILOGRAM,2023-02-04 11:09:32.302971
1.50,1.00,2.00,"Pusat : KUALA TERENGGANU, TERENGGANU",BUNGA KANTAN,TANGKAI,2023-02-04 11:09:32.306959
17.50,17.00,18.00,"Pusat : KUALA TERENGGANU, TERENGGANU",CILI MERAH KULAI / KULAI HIBRID,KILOGRAM,2023-02-04 11:09:32.314940
14.50,14.00,15.00,"Pusat : KUALA TERENGGANU, TERENGGANU",CILI MERAH MINYAK,KILOGRAM,2023-02-04 11:09:32.318980
13.50,13.00,14.00,"Pusat : KUALA TERENGGANU, TERENGGANU",DAGING IMPORT PEJAL (INDIA) - SILVER SIDE,KILOGRAM,2023-02-04 11:09:32.321919
11.50,11.00,12.00,"Pusat : KUALA TERENGGANU, TERENGGANU",DAUN BAWANG,KILOGRAM,2023-02-04 11:09:32.324912
10.00,10.00,10.00,"Pusat : KUALA TERENGGANU, TERENGGANU",DAUN SUP (TANAH TINGGI),KILOGRAM,2023-02-04 11:09:32.328910
9.00,8.00,10.00,"Pusat : KUALA TERENGGANU, TERENGGANU",KACANG BENDI,KILOGRAM,2023-02-04 11:09:32.332891
9.00,8.00,10.00,"Pusat : KUALA TERENGGANU, TERENGGANU",KACANG BUNCIS,KILOGRAM,2023-02-04 11:09:32.335884
7.50,7.00,8.00,"Pusat : KUALA TERENGGANU, TERENGGANU",KACANG PANJANG HIJAU,KILOGRAM,2023-02-04 11:09:32.338874
6.50,6.00,7.00,"Pusat : KUALA TERENGGANU, TERENGGANU",KANGKUNG,KILOGRAM,2023-02-04 11:09:32.340870
1.75,1.50,2.00,"Pusat : KUALA TERENGGANU, TERENGGANU",KELAPA DIKUPAS,BIJI,2023-02-04 11:09:32.344859
6.50,6.00,7.00,"Pusat : KUALA TERENGGANU, TERENGGANU",KELAPA PARUT,KILOGRAM,2023-02-04 11:09:32.349301
6.50,6.00,7.00,"Pusat : KUALA TERENGGANU, TERENGGANU",KETOLA / PETOLA SEGI,KILOGRAM,2023-02-04 11:09:32.352295
3.25,3.00,3.50,"Pusat : KUALA TERENGGANU, TERENGGANU",KUBIS BULAT (TANAH TINGGI),KILOGRAM,2023-02-04 11:09:32.355285
4.50,4.00,5.00,"Pusat : KUALA TERENGGANU, TERENGGANU",PISANG BERANGAN,KILOGRAM,2023-02-04 11:09:32.358276
8.50,8.00,9.00,"Pusat : KUALA TERENGGANU, TERENGGANU",SANTAN BIASA,KILOGRAM,2023-02-04 11:09:32.362271
.49,.48,.50,"Pusat : KUALA TERENGGANU, TERENGGANU",TELUR AYAM,BIJI,2023-02-04 11:09:32.365258
.48,.47,.49,"Pusat : KUALA TERENGGANU, TERENGGANU",TELUR AYAM,BIJI,2023-02-04 11:09:32.368250
.47,.46,.48,"Pusat : KUALA TERENGGANU, TERENGGANU",TELUR AYAM,BIJI,2023-02-04 11:09:32.370251
2.25,2.00,2.50,"Pusat : KUALA TERENGGANU, TERENGGANU",TEMBIKAI MERAH,KILOGRAM,2023-02-04 11:09:32.373236
5.50,5.00,6.00,"Pusat : KUALA TERENGGANU, TERENGGANU",TERUNG PANJANG / PEPARU (TANAH RENDAH),KILOGRAM,2023-02-04 11:09:32.376229
4.25,4.00,4.50,"Pusat : KUALA TERENGGANU, TERENGGANU",TIMUN HIJAU,KILOGRAM,2023-02-04 11:09:32.380218
5.75,5.50,6.00,"Pusat : KUALA TERENGGANU, TERENGGANU",TOMATO (TANAH TINGGI),KILOGRAM,2023-02-04 11:09:32.383210
2.75,2.50,3.00,"Pusat : KUALA TERENGGANU, TERENGGANU",UBI KENTANG HOLLAND,KILOGRAM,2023-02-04 11:09:32.386203
6.00,6.00,6.00,"Pusat : KOTA KINABALU, SABAH",BAWANG BESAR MERAH (INDIA),KILOGRAM,2023-02-04 11:09:32.389193
6.50,6.00,7.00,"Pusat : KOTA KINABALU, SABAH",BAWANG MERAH / KECIL (INDIA),KILOGRAM,2023-02-04 11:09:32.392185
5.00,5.00,5.00,"Pusat : KOTA KINABALU, SABAH",BAYAM,KILOGRAM,2023-02-04 11:09:32.396179
3.90,3.80,4.00,"Pusat : KOTA KINABALU, SABAH",BELIMBING (B10),KILOGRAM,2023-02-04 11:09:32.399167
9.50,9.00,10.00,"Pusat : KOTA KINABALU, SABAH",CILI HIJAU,KILOGRAM,2023-02-04 11:09:32.402159
14.00,14.00,14.00,"Pusat : KOTA KINABALU, SABAH",CILI MERAH KULAI / KULAI HIBRID,KILOGRAM,2023-02-04 11:09:32.405151
12.00,12.00,12.00,"Pusat : KOTA KINABALU, SABAH",CILI MERAH MINYAK,KILOGRAM,2023-02-04 11:09:32.408143
10.00,10.00,10.00,"Pusat : KOTA KINABALU, SABAH",DAUN BAWANG,KILOGRAM,2023-02-04 11:09:32.411135
10.00,10.00,10.00,"Pusat : KOTA KINABALU, SABAH",DAUN SUP (TANAH TINGGI),KILOGRAM,2023-02-04 11:09:32.415125
5.75,5.50,6.00,"Pusat : KOTA KINABALU, SABAH",KACANG BENDI,KILOGRAM,2023-02-04 11:09:32.418117
5.65,5.50,5.80,"Pusat : KOTA KINABALU, SABAH",KACANG BUNCIS,KILOGRAM,2023-02-04 11:09:32.421110
4.65,4.50,4.80,"Pusat : KOTA KINABALU, SABAH",KACANG PANJANG HIJAU,KILOGRAM,2023-02-04 11:09:32.424102
5.00,5.00,5.00,"Pusat : KOTA KINABALU, SABAH",KANGKUNG,KILOGRAM,2023-02-04 11:09:32.427095
1.50,1.50,1.50,"Pusat : KOTA KINABALU, SABAH",KELAPA DIKUPAS,BIJI,2023-02-04 11:09:32.430085
3.75,3.50,4.00,"Pusat : KOTA KINABALU, SABAH",KELAPA PARUT,KILOGRAM,2023-02-04 11:09:32.433076
4.25,4.00,4.50,"Pusat : KOTA KINABALU, SABAH",KETOLA / PETOLA SEGI,KILOGRAM,2023-02-04 11:09:32.436068
3.50,3.50,3.50,"Pusat : KOTA KINABALU, SABAH",KUBIS BULAT (TANAH TINGGI),KILOGRAM,2023-02-04 11:09:32.439061
3.40,3.00,3.80,"Pusat : KOTA KINABALU, SABAH",PISANG BERANGAN,KILOGRAM,2023-02-04 11:09:32.441054
2.75,2.50,3.00,"Pusat : KOTA KINABALU, SABAH",PISANG MAS,KILOGRAM,2023-02-04 11:09:32.444049
5.10,4.90,5.30,"Pusat : KOTA KINABALU, SABAH",SAWI HIJAU,KILOGRAM,2023-02-04 11:09:32.448037
.38,.37,.38,"Pusat : KOTA KINABALU, SABAH",TELUR AYAM,BIJI,2023-02-04 11:09:32.450416
2.00,2.00,2.00,"Pusat : KOTA KINABALU, SABAH",TEMBIKAI MERAH,KILOGRAM,2023-02-04 11:09:32.453023
5.00,5.00,5.00,"Pusat : KOTA KINABALU, SABAH",TERUNG PANJANG / PEPARU (TANAH RENDAH),KILOGRAM,2023-02-04 11:09:32.456015
2.90,2.80,3.00,"Pusat : KOTA KINABALU, SABAH",TIMUN HIJAU,KILOGRAM,2023-02-04 11:09:32.459007
7.00,7.00,7.00,"Pusat : KOTA KINABALU, SABAH",TOMATO (TANAH TINGGI),KILOGRAM,2023-02-04 11:09:32.462239
3.75,3.50,4.00,"Pusat : KOTA KINABALU, SABAH",UBI KENTANG HOLLAND,KILOGRAM,2023-02-04 11:09:32.464991
8.95,8.40,9.50,"Pusat : KUCHING, SARAWAK",AYAM PROSES STANDARD,KILOGRAM,2023-02-04 11:09:32.467983
3.25,3.00,3.50,"Pusat : KUCHING, SARAWAK",BAWANG BESAR MERAH (INDIA),KILOGRAM,2023-02-04 11:09:32.470976
5.50,5.00,6.00,"Pusat : KUCHING, SARAWAK",BAYAM,KILOGRAM,2023-02-04 11:09:32.473073
1.00,.90,1.10,"Pusat : KUCHING, SARAWAK",BUNGA KANTAN,TANGKAI,2023-02-04 11:09:32.475962
16.00,14.00,18.00,"Pusat : KUCHING, SARAWAK",CILI MERAH MINYAK,KILOGRAM,2023-02-04 11:09:32.478956
9.00,8.00,10.00,"Pusat : KUCHING, SARAWAK",DAUN BAWANG,KILOGRAM,2023-02-04 11:09:32.481946
22.00,22.00,22.00,"Pusat : KUCHING, SARAWAK",DAUN SUP (TANAH TINGGI),KILOGRAM,2023-02-04 11:09:32.483940
7.50,7.00,8.00,"Pusat : KUCHING, SARAWAK",KACANG BENDI,KILOGRAM,2023-02-04 11:09:32.486932
7.50,7.00,8.00,"Pusat : KUCHING, SARAWAK",KACANG BUNCIS,KILOGRAM,2023-02-04 11:09:32.489012
6.00,5.50,6.50,"Pusat : KUCHING, SARAWAK",KACANG PANJANG HIJAU,KILOGRAM,2023-02-04 11:09:32.490922
3.75,3.50,4.00,"Pusat : KUCHING, SARAWAK",KANGKUNG,KILOGRAM,2023-02-04 11:09:32.493917
2.40,2.40,2.40,"Pusat : KUCHING, SARAWAK",KUBIS BULAT (CHINA),KILOGRAM,2023-02-04 11:09:32.497903
2.50,2.50,2.50,"Pusat : KUCHING, SARAWAK",KUBIS BULAT (TANAH TINGGI),KILOGRAM,2023-02-04 11:09:32.500895
3.00,3.00,3.00,"Pusat : KUCHING, SARAWAK",PISANG BERANGAN,KILOGRAM,2023-02-04 11:09:32.502890
3.75,3.50,4.00,"Pusat : KUCHING, SARAWAK",TIMUN HIJAU,KILOGRAM,2023-02-04 11:09:32.504884
6.50,6.50,6.50,"Pusat : KUALA LUMPUR, W.P. KUALA LUMPUR",AYAM HIDUP,KILOGRAM,2023-02-04 11:09:32.507876
7.00,7.00,7.00,"Pusat : KUALA LUMPUR, W.P. KUALA LUMPUR",AYAM PROSES STANDARD,KILOGRAM,2023-02-04 11:09:32.510872
2.75,2.50,3.00,"Pusat : KUALA LUMPUR, W.P. KUALA LUMPUR",BAWANG BESAR MERAH (INDIA),KILOGRAM,2023-02-04 11:09:32.523833
5.00,5.00,5.00,"Pusat : KUALA LUMPUR, W.P. KUALA LUMPUR",BAWANG MERAH / KECIL (INDIA),KILOGRAM,2023-02-04 11:09:32.536799
8.50,8.00,9.00,"Pusat : KUALA LUMPUR, W.P. KUALA LUMPUR",BAWANG MERAH / KECIL (THAI),KILOGRAM,2023-02-04 11:09:32.542783
8.00,8.00,8.00,"Pusat : KUALA LUMPUR, W.P. KUALA LUMPUR",BAYAM,KILOGRAM,2023-02-04 11:09:32.590194
4.00,4.00,4.00,"Pusat : KUALA LUMPUR, W.P. KUALA LUMPUR",BELIMBING (B10),KILOGRAM,2023-02-04 11:09:32.605155
2.75,2.50,3.00,"Pusat : KUALA LUMPUR, W.P. KUALA LUMPUR",BETIK SEKAKI,KILOGRAM,2023-02-04 11:09:32.610141
1.25,1.20,1.30,"Pusat : KUALA LUMPUR, W.P. KUALA LUMPUR",BUNGA KANTAN,TANGKAI,2023-02-04 11:09:32.614130
8.00,8.00,8.00,"Pusat : KUALA LUMPUR, W.P. KUALA LUMPUR",CILI HIJAU,KILOGRAM,2023-02-04 11:09:32.618119
12.50,12.00,13.00,"Pusat : KUALA LUMPUR, W.P. KUALA LUMPUR",CILI MERAH KULAI / KULAI HIBRID,KILOGRAM,2023-02-04 11:09:32.621111
10.50,10.00,11.00,"Pusat : KUALA LUMPUR, W.P. KUALA LUMPUR",CILI MERAH MINYAK,KILOGRAM,2023-02-04 11:09:32.626098
15.00,15.00,15.00,"Pusat : KUALA LUMPUR, W.P. KUALA LUMPUR",DAGING IMPORT PEJAL (INDIA) - SILVER SIDE,KILOGRAM,2023-02-04 11:09:32.630087
17.50,17.00,18.00,"Pusat : KUALA LUMPUR, W.P. KUALA LUMPUR",DAUN BAWANG,KILOGRAM,2023-02-04 11:09:32.635076
8.00,8.00,8.00,"Pusat : KUALA LUMPUR, W.P. KUALA LUMPUR",DAUN SUP (TANAH TINGGI),KILOGRAM,2023-02-04 11:09:32.638126
8.00,8.00,8.00,"Pusat : KUALA LUMPUR, W.P. KUALA LUMPUR",KACANG BENDI,KILOGRAM,2023-02-04 11:09:32.641059
12.00,12.00,12.00,"Pusat : KUALA LUMPUR, W.P. KUALA LUMPUR",KACANG BUNCIS,KILOGRAM,2023-02-04 11:09:32.645092
9.00,9.00,9.00,"Pusat : KUALA LUMPUR, W.P. KUALA LUMPUR",KACANG PANJANG HIJAU,KILOGRAM,2023-02-04 11:09:32.647221
7.00,7.00,7.00,"Pusat : KUALA LUMPUR, W.P. KUALA LUMPUR",KANGKUNG,KILOGRAM,2023-02-04 11:09:32.650207
2.00,2.00,2.00,"Pusat : KUALA LUMPUR, W.P. KUALA LUMPUR",KELAPA DIKUPAS,BIJI,2023-02-04 11:09:32.653199
6.00,6.00,6.00,"Pusat : KUALA LUMPUR, W.P. KUALA LUMPUR",KELAPA PARUT,KILOGRAM,2023-02-04 11:09:32.656191
6.50,6.00,7.00,"Pusat : KUALA LUMPUR, W.P. KUALA LUMPUR",KETOLA / PETOLA SEGI,KILOGRAM,2023-02-04 11:09:32.658186
2.65,2.50,2.80,"Pusat : KUALA LUMPUR, W.P. KUALA LUMPUR",KUBIS BULAT (CHINA),KILOGRAM,2023-02-04 11:09:32.661179
2.65,2.50,2.80,"Pusat : KUALA LUMPUR, W.P. KUALA LUMPUR",KUBIS BULAT (INDONESIA),KILOGRAM,2023-02-04 11:09:32.665168
3.00,3.00,3.00,"Pusat : KUALA LUMPUR, W.P. KUALA LUMPUR",KUBIS BULAT (TANAH TINGGI),KILOGRAM,2023-02-04 11:09:32.667162
4.50,4.50,4.50,"Pusat : KUALA LUMPUR, W.P. KUALA LUMPUR",PISANG BERANGAN,KILOGRAM,2023-02-04 11:09:32.670154
4.50,4.50,4.50,"Pusat : KUALA LUMPUR, W.P. KUALA LUMPUR",PISANG MAS,KILOGRAM,2023-02-04 11:09:32.672148
6.00,6.00,6.00,"Pusat : KUALA LUMPUR, W.P. KUALA LUMPUR",SANTAN BIASA,KILOGRAM,2023-02-04 11:09:32.675141
8.00,8.00,8.00,"Pusat : KUALA LUMPUR, W.P. KUALA LUMPUR",SAWI HIJAU,KILOGRAM,2023-02-04 11:09:32.678134
.44,.44,.44,"Pusat : KUALA LUMPUR, W.P. KUALA LUMPUR",TELUR AYAM,BIJI,2023-02-04 11:09:32.681125
.43,.43,.43,"Pusat : KUALA LUMPUR, W.P. KUALA LUMPUR",TELUR AYAM,BIJI,2023-02-04 11:09:32.683119
.42,.42,.42,"Pusat : KUALA LUMPUR, W.P. KUALA LUMPUR",TELUR AYAM,BIJI,2023-02-04 11:09:32.685114
3.00,3.00,3.00,"Pusat : KUALA LUMPUR, W.P. KUALA LUMPUR",TEMBIKAI MERAH,KILOGRAM,2023-02-04 11:09:32.688105
8.75,8.50,9.00,"Pusat : KUALA LUMPUR, W.P. KUALA LUMPUR",TERUNG PANJANG / PEPARU (TANAH RENDAH),KILOGRAM,2023-02-04 11:09:32.690100
4.50,4.50,4.50,"Pusat : KUALA LUMPUR, W.P. KUALA LUMPUR",TIMUN HIJAU,KILOGRAM,2023-02-04 11:09:32.693093
5.00,5.00,5.00,"Pusat : KUALA LUMPUR, W.P. KUALA LUMPUR",TOMATO (TANAH TINGGI),KILOGRAM,2023-02-04 11:09:32.696086
3.00,3.00,3.00,"Pusat : KUALA LUMPUR, W.P. KUALA LUMPUR",UBI KENTANG HOLLAND,KILOGRAM,2023-02-04 11:09:32.699077
